Domain,Status,Attractiveness,Demand,Length,Sectors,Created,Expires,Registrar
one.pw,available,132,44%,3,"Business,General,Media,Technology",,,
second.pw,available,120,23%,6,"General,Mathematics",,,
wizard.pw,available,118,42%,6,"Entertainment,Media,Technology",,,
flat.pw,resell,116,24%,4,"Construction,Real Estate",25/02/2025 02:06,25/02/2026 23:59,"Xiamen ChinaSource Internet Service Co., Ltd"
tenth.pw,available,116,7%,5,Mathematics,,,
hotshot.pw,available,112,14%,7,"Business,Entertainment,Sports",,,
zero.pw,available,112,49%,4,Mathematics,,,
above.pw,available,112,22%,5,Business,,,
acute.pw,available,112,9%,5,"Mathematics,Medicine,Science",,,
abiding.pw,available,106,5%,7,"General,Religion",,,
teen.pw,available,104,14%,4,"Education,Entertainment,Healthcare",,,
active.pw,premium,104,27%,6,"Health and Fitness,Sports,Travel",18/08/2025 21:58,18/08/2026 23:59,"Xiamen ChinaSource Internet Service Co., Ltd"
absent.pw,available,102,8%,6,"Business,Education,Technology",,,
extra.pw,available,102,26%,5,"Fashion,Retail,Technology",,,
eight.pw,available,102,23%,5,"General,Mathematics",,,
captive.pw,available,102,14%,7,"Entertainment,Hospitality,Technology",,,
remove.pw,available,100,13%,6,"Construction,Manufacturing,Technology",,,
eighth.pw,available,100,6%,6,Mathematics,,,
abrupt.pw,available,100,3%,6,"Medicine,Science",,,
third.pw,available,100,16%,5,Mathematics,,,
adjunct.pw,available,100,5%,7,Education,,,
whizz.pw,available,98,11%,5,"Business,Education,Technology",,,
genius.pw,resell,98,46%,6,"Arts,Education,Technology",15/11/2024 12:37,15/11/2025 23:59,Web Commerce Communications Ltd
forgiving.pw,available,96,3%,9,"Healthcare,Religion",,,
alamode.pw,available,96,12%,9,Fashion,,,
doable.pw,available,96,9%,6,"Business,Education,Technology",,,
academic.pw,available,96,20%,8,"Education,Humanities,Science",,,
actual.pw,available,96,22%,6,"Real Estate,Retail,Technology",,,
around.pw,available,94,22%,6,"Business,General,Media,Technology",,,
adequate.pw,available,94,9%,8,"Education,Healthcare,Technology",,,
about.pw,available,94,28%,5,"Business,General,Media,Technology",,,
abject.pw,available,94,7%,6,Humanities,,,
virtuoso.pw,available,94,16%,8,"Arts,Entertainment",,,
neutral.pw,available,92,20%,7,"Business,Media,Politics",,,
adept.pw,available,92,24%,5,"Education,Health and Fitness,Sports",,,
nought.pw,available,92,4%,6,Mathematics,,,
derelict.pw,available,92,7%,8,"Construction,Real Estate",,,
abroad.pw,available,92,12%,6,"Hospitality,Travel",,,
twentieth.pw,available,92,3%,9,Mathematics,,,
adjective.pw,available,92,5%,9,Education,,,
abortive.pw,available,90,1%,8,"Medicine,Science",,,
gripping.pw,available,90,3%,8,"Entertainment,Media,Technology",,,
leash.pw,available,90,7%,5,"General,Health and Fitness,Retail",,,
additional.pw,available,90,8%,10,"Fashion,Retail,Technology",,,
adoring.pw,available,90,2%,7,"Entertainment,Fashion,Retail",,,
addictive.pw,available,90,9%,9,Healthcare,,,
riveting.pw,available,90,6%,8,"Entertainment,Media,Technology",,,
clear.pw,available,90,47%,5,"Manufacturing,Retail,Technology",,,
endearing.pw,available,90,1%,9,"Entertainment,Fashion,Retail",,,
adlib.pw,available,88,7%,6,Entertainment,,,
ace.pw,available,88,34%,3,Sports,,,
wide.pw,available,88,18%,4,"Business,Media,Technology",,,
eleven.pw,available,88,33%,6,Mathematics,,,
sixteen.pw,available,88,11%,7,Mathematics,,,
ten.pw,available,88,28%,3,"General,Mathematics",,,
proficient.pw,available,88,8%,10,"Education,Health and Fitness,Sports",,,
three.pw,available,88,24%,5,Mathematics,,,
activist.pw,available,88,12%,8,"Humanities,Politics",,,
hundred.pw,available,88,14%,7,Mathematics,,,
fifteen.pw,available,88,13%,7,Mathematics,,,
actionable.pw,available,88,13%,10,"Business,Law",,,
extempore.pw,available,86,3%,9,Entertainment,,,
recondite.pw,available,86,4%,9,"Arts,Humanities,Science",,,
aboriginal.pw,available,86,10%,10,Humanities,,,
engrossing.pw,available,86,0%,10,"Entertainment,Media,Technology",,,
intent.pw,available,86,25%,6,"Business,Education,Technology",,,
xix.pw,available,86,11%,3,Mathematics,,,
star.pw,available,86,40%,4,"Entertainment,Media,Sports",,,
attendant.pw,available,86,5%,9,"Healthcare,Hospitality,Transportation",,,
adolescent.pw,available,86,3%,10,"Education,Entertainment,Healthcare",,,
cipher.pw,expiring,86,29%,6,Mathematics,05/09/2014 04:31,05/09/2025 23:59,"Porkbun, LLC"
accessory.pw,available,84,8%,9,"Fashion,Retail,Technology",,,
acting.pw,available,84,12%,6,Entertainment,,,
grand.pw,available,84,25%,5,"Finance,General",,,
twentytwo.pw,available,84,11%,10,Mathematics,,,
twentyone.pw,resell,84,13%,10,Mathematics,24/04/2025 01:42,24/04/2026 23:59,"Xiamen ChinaSource Internet Service Co., Ltd"
adjustable.pw,available,84,3%,10,"Manufacturing,Retail,Technology",,,
deviate.pw,available,84,12%,7,"Medicine,Science",,,
thirteen.pw,available,84,10%,8,Mathematics,,,
sharp.pw,available,84,34%,5,"Arts,Fashion",,,
thousand.pw,available,84,8%,8,Mathematics,,,
seventeen.pw,available,84,7%,9,Mathematics,,,
fourteen.pw,available,84,8%,8,Mathematics,,,
decade.pw,available,82,10%,6,Mathematics,,,
good.pw,available,82,47%,4,"Food and Beverage,General,Health and Fitness,Retail",,,
dozen.pw,available,82,10%,5,Mathematics,,,
altered.pw,available,82,9%,7,"Medicine,Science",,,
fivesome.pw,available,82,1%,8,Sports,,,
absorbent.pw,available,82,3%,9,"Healthcare,Manufacturing,Retail",,,
abenaki.pw,available,82,2%,7,Geography,,,
impromptu.pw,available,82,16%,9,Entertainment,,,
abdominal.pw,available,82,1%,9,"Health and Fitness,Medicine",,,
cleansing.pw,available,82,3%,9,Health and Fitness,,,
abkhaz.pw,available,82,1%,6,Geography,,,
abroach.pw,available,82,1%,7,Food and Beverage,,,
abundant.pw,available,80,19%,8,"Agriculture,Manufacturing,Retail",,,
dorsal.pw,available,80,6%,6,"Medicine,Science",,,
wiz.pw,available,80,30%,3,"Business,Education,Technology",,,
absorbable.pw,available,80,0%,10,"Healthcare,Pharmaceuticals,Science",,,
seventh.pw,available,80,10%,7,Mathematics,,,
absurd.pw,available,80,16%,6,"Arts,Entertainment,Media",,,
first.pw,available,80,36%,5,"General,Mathematics",,,
some.pw,available,80,32%,4,"Business,Media,Retail",,,
trio.pw,available,80,21%,4,Entertainment,,,
worshipful.pw,available,80,1%,10,"Education,Healthcare,Religion",,,
absolute.pw,available,80,25%,8,"Engineering,Mathematics,Science",,,
yard.pw,available,80,26%,4,"Construction,General",,,
nine.pw,available,80,24%,4,"General,Mathematics",,,
adoptable.pw,available,80,3%,9,"Education,Healthcare",,,
superstar.pw,available,80,18%,9,Entertainment,,,
capable.pw,available,80,12%,7,"Business,Education,Technology",,,
twenty.pw,available,80,12%,6,Mathematics,,,
two.pw,available,80,24%,3,Mathematics,,,
abkhazian.pw,available,78,1%,9,Geography,,,
acceptant.pw,available,78,1%,9,"Education,Healthcare",,,
absorptive.pw,available,78,1%,10,"Healthcare,Manufacturing,Retail",,,
athletic.pw,available,78,15%,8,"Health and Fitness,Sports",,,
abounding.pw,available,78,2%,9,Agriculture,,,
abkhasian.pw,available,78,1%,9,Geography,,,
honestly.pw,available,78,9%,8,"Business,Law",,,
acceptable.pw,available,78,5%,10,"Business,Hospitality,Retail",,,
sixtynine.pw,available,78,8%,10,Mathematics,,,
accidental.pw,available,78,11%,10,"Healthcare,Insurance,Transportation",,,
adrenal.pw,available,78,4%,7,"Education,Healthcare,Science",,,
accepted.pw,available,78,6%,8,"Business,Education,Technology",,,
recognized.pw,available,78,3%,10,"Business,Education,Technology",,,
adjacent.pw,available,78,9%,8,"Construction,Real Estate,Retail",,,
accurate.pw,available,78,16%,8,"Engineering,Mathematics,Science",,,
recognised.pw,available,78,3%,10,"Business,Education,Technology",,,
dormant.pw,available,78,4%,7,"Medicine,Science",,,
low.pw,expiring,78,20%,3,"Business,Finance",24/08/2024 03:18,24/08/2025 23:59,Alibaba Cloud Computing Ltd. d/b/a HiChina (www.net.cn)
twentysix.pw,available,78,8%,10,Mathematics,,,
accessible.pw,available,78,21%,10,"Healthcare,Retail,Technology",,,
abrasive.pw,available,76,6%,8,"Construction,Manufacturing",,,
thousandth.pw,available,76,1%,10,Mathematics,,,
obscene.pw,available,76,5%,7,"Entertainment,Media",,,
adaptive.pw,available,76,28%,8,"Business,Education,Technology",,,
incidental.pw,available,76,4%,10,"Healthcare,Insurance,Transportation",,,
adipose.pw,available,76,2%,7,"Healthcare,Science",,,
addable.pw,available,76,2%,7,"Engineering,Mathematics,Science",,,
resultant.pw,available,76,2%,9,"Healthcare,Insurance,Transportation",,,
ague.pw,available,76,2%,4,"Geography,Medicine,Science",,,
acoustic.pw,available,76,14%,8,Science,,,
fifteenth.pw,available,76,2%,9,Mathematics,,,
ancillary.pw,available,76,6%,9,"Healthcare,Manufacturing,Technology",,,
adaptable.pw,available,76,9%,9,"Business,Education,Technology",,,
firstrate.pw,available,76,6%,10,Business,,,
diamond.pw,available,76,32%,7,Fashion,,,
nineteenth.pw,available,76,3%,10,Mathematics,,,
energizing.pw,available,76,3%,10,"Food and Beverage,Health and Fitness,Travel",,,
adhesive.pw,available,76,7%,8,"Construction,Manufacturing,Technology",,,
auxiliary.pw,available,76,7%,9,"Healthcare,Manufacturing,Technology",,,
ventral.pw,available,76,3%,7,Science,,,
threed.pw,available,76,7%,7,Technology,,,
hundredth.pw,available,76,1%,9,Mathematics,,,
improvise.pw,available,76,4%,9,Entertainment,,,
adherent.pw,available,76,4%,8,"Politics,Religion",,,
eighteen.pw,available,76,7%,8,Mathematics,,,
thirteenth.pw,available,76,4%,10,Mathematics,,,
fourteenth.pw,available,76,1%,10,Mathematics,,,
acuate.pw,available,74,2%,6,"Engineering,Medicine,Science",,,
adapted.pw,available,74,6%,7,"Healthcare,Manufacturing,Technology",,,
aberrant.pw,available,74,6%,8,"Medicine,Science",,,
broad.pw,available,74,13%,5,"Entertainment,General,Media",,,
accepting.pw,available,74,3%,9,"Education,Healthcare",,,
sensation.pw,available,74,7%,9,"Entertainment,Media,Sports",,,
achievable.pw,available,74,4%,10,"Business,Education,Technology",,,
mavin.pw,available,74,7%,5,"Entertainment,Fashion,Technology",,,
adamant.pw,available,74,14%,7,Religion,,,
activated.pw,available,74,9%,9,"Healthcare,Manufacturing,Technology",,,
cleared.pw,available,74,7%,7,"Healthcare,Law,Transportation",,,
adrenergic.pw,available,74,1%,10,"Education,Healthcare,Science",,,
adenoid.pw,available,74,1%,7,"Health and Fitness,Medicine,Science",,,
realizable.pw,available,74,1%,10,"Business,Education,Technology",,,
skilful.pw,available,74,3%,7,"Education,Health and Fitness,Sports",,,
single.pw,available,74,19%,6,Sports,,,
admirable.pw,resell,74,5%,9,"Business,Education,Healthcare",26/12/2024 12:05,26/12/2025 23:59,"Unstoppable Domains, Inc."
supra.pw,available,74,25%,5,"Medicine,Science",,,
manageable.pw,available,74,4%,10,"Business,Education,Technology",,,
abnormal.pw,available,74,16%,8,"Medicine,Science",,,
playing.pw,available,74,12%,7,Entertainment,,,
adiabatic.pw,available,72,3%,9,"Engineering,Science",,,
adonic.pw,available,72,2%,6,"Arts,Education,Entertainment",,,
ablaze.pw,available,72,6%,6,Entertainment,,,
deep.pw,available,72,41%,4,"Engineering,Mathematics,Science",,,
abloom.pw,available,72,5%,6,Agriculture,,,
liv.pw,available,72,27%,3,Mathematics,,,
existent.pw,available,72,3%,8,"Mathematics,Science",,,
seventieth.pw,available,72,1%,10,Mathematics,,,
lovely.pw,expiring,72,26%,6,"Entertainment,Fashion,Retail",06/09/2024 18:58,06/09/2025 23:59,"CHENGDU WEST DIMENSION DIGITAL TECHNOLOGY CO., LTD."
absorbed.pw,available,72,2%,8,"Entertainment,Media,Technology",,,
sixtieth.pw,available,72,1%,8,Mathematics,,,
adjectival.pw,available,72,1%,10,Education,,,
adjunctive.pw,available,72,1%,10,"Healthcare,Manufacturing,Technology",,,
absolutist.pw,available,72,1%,10,"Humanities,Law,Politics",,,
addicted.pw,available,72,9%,8,Healthcare,,,
accusative.pw,available,72,0%,10,"Humanities,Law",,,
aching.pw,available,72,4%,6,Healthcare,,,
abreast.pw,available,72,2%,7,"Business,Technology",,,
engrossed.pw,available,72,1%,9,"Entertainment,Media,Technology",,,
ternary.pw,available,72,7%,7,Mathematics,,,
accustomed.pw,available,72,1%,10,"Business,Education,Humanities",,,
adaptative.pw,available,72,1%,10,"Business,Education,Technology",,,
eightieth.pw,available,72,1%,9,Mathematics,,,
improvize.pw,available,72,1%,9,Entertainment,,,
ninetieth.pw,available,72,1%,9,Mathematics,,,
champion.pw,expired,72,28%,8,"Entertainment,Health and Fitness,Sports",14/06/2023 17:34,14/06/2025 23:59,PDR Ltd. d/b/a PublicDomainRegistry.com
accumbent.pw,available,70,1%,9,"Healthcare,Medicine,Science",,,
gymnastic.pw,available,70,3%,9,"Entertainment,Sports",,,
adored.pw,available,70,6%,6,"Entertainment,Fashion,Retail",,,
skillful.pw,available,70,9%,8,"Education,Health and Fitness,Sports",,,
adjusted.pw,available,70,5%,8,"Manufacturing,Retail,Technology",,,
absorbing.pw,available,70,3%,9,"Entertainment,Media,Technology",,,
recumbent.pw,available,70,2%,9,"Healthcare,Medicine,Science",,,
consequent.pw,available,70,3%,10,"Business,Education,General,Technology",,,
admired.pw,available,70,5%,7,"Business,Education,Healthcare",,,
adamantine.pw,available,70,4%,10,Religion,,,
acuminate.pw,available,70,1%,9,"Engineering,Medicine,Science",,,
abradant.pw,available,70,1%,8,"Construction,Manufacturing",,,
practiced.pw,available,70,3%,9,"Education,Health and Fitness,Sports",,,
offhand.pw,available,70,2%,7,Entertainment,,,
tiptop.pw,available,70,24%,6,Fashion,,,
miserable.pw,available,70,4%,9,Humanities,,,
abulic.pw,available,70,1%,6,Medicine,,,
unity.pw,available,70,40%,5,Mathematics,,,
licensed.pw,available,68,5%,8,"Business,Healthcare,Insurance",,,
abkhas.pw,available,68,0%,6,Geography,,,
foursome.pw,available,68,4%,8,Sports,,,
aberdonian.pw,available,68,1%,10,Geography,,,
acerate.pw,available,68,1%,7,Science,,,
licenced.pw,available,68,2%,8,"Business,Healthcare,Insurance",,,
achaian.pw,available,68,2%,7,Humanities,,,
septenary.pw,available,68,1%,9,Mathematics,,,
abnaki.pw,available,68,1%,6,Geography,,,
fortieth.pw,available,68,0%,8,Mathematics,,,
ennead.pw,available,68,5%,6,Mathematics,,,
overseas.pw,available,68,12%,8,"Hospitality,Travel",,,
aculeate.pw,available,68,1%,8,"Engineering,Medicine,Science",,,
thirtieth.pw,available,68,1%,9,Mathematics,,,
ablative.pw,available,68,3%,8,Science,,,
abducent.pw,available,68,0%,8,Medicine,,,
ane.pw,available,68,12%,3,Mathematics,,,
octonary.pw,available,68,1%,8,Mathematics,,,
vindicated.pw,available,68,2%,10,"Humanities,Law,Politics",,,
scurvy.pw,available,68,3%,6,Humanities,,,
fiftieth.pw,available,68,0%,8,Mathematics,,,
achaean.pw,available,68,2%,7,Humanities,,,
disciple.pw,available,68,14%,8,"Education,Religion",,,
stygian.pw,available,68,5%,7,Humanities,,,
sevener.pw,available,68,1%,7,Mathematics,,,
aroused.pw,available,68,3%,7,"Entertainment,Health and Fitness",,,
decorated.pw,available,68,3%,9,"Entertainment,Fashion,Retail",,,
xiii.pw,available,66,9%,4,Mathematics,,,
ninety.pw,available,66,11%,6,Mathematics,,,
exonerated.pw,available,66,2%,10,"Humanities,Law,Politics",,,
acappella.pw,available,66,6%,10,Entertainment,,,
sextet.pw,available,66,1%,6,Entertainment,,,
teenager.pw,available,66,4%,8,"Education,Entertainment,Healthcare",,,
xvi.pw,available,66,5%,3,Mathematics,,,
performing.pw,available,66,6%,10,Entertainment,,,
xxv.pw,available,66,6%,3,Mathematics,,,
acervate.pw,available,66,1%,8,Science,,,
acrobatic.pw,available,66,4%,9,"Entertainment,Sports",,,
clv.pw,available,66,10%,3,Mathematics,,,
maven.pw,available,66,30%,5,"Entertainment,Fashion,Technology",,,
xviii.pw,available,66,5%,5,Mathematics,,,
buzzing.pw,available,66,7%,7,"Entertainment,Media,Technology",,,
xxi.pw,available,66,10%,3,Mathematics,,,
abstinent.pw,available,66,1%,9,"Health and Fitness,Religion",,,
modish.pw,available,66,5%,6,Fashion,,,
century.pw,available,66,17%,7,Education,,,
adopted.pw,available,66,4%,7,"Education,Healthcare",,,
latest.pw,available,66,18%,6,Technology,,,
xvii.pw,available,66,5%,4,Mathematics,,,
xxvi.pw,available,66,3%,4,Mathematics,,,
xii.pw,available,66,10%,3,Mathematics,,,
tenner.pw,available,66,5%,6,Finance,,,
xxii.pw,available,66,6%,4,Mathematics,,,
eighty.pw,available,66,6%,6,Mathematics,,,
six.pw,available,66,26%,3,Mathematics,,,
adorned.pw,available,66,5%,7,"Entertainment,Fashion,Retail",,,
deuce.pw,available,66,9%,5,Sports,,,
accessary.pw,available,66,1%,9,"Business,Law,Technology",,,
thirty.pw,available,66,8%,6,Mathematics,,,
onec.pw,available,66,6%,5,Mathematics,,,
absolved.pw,available,64,1%,8,"Humanities,Law,Religion",,,
nondrinker.pw,available,64,1%,10,"Health and Fitness,Religion",,,
scatty.pw,available,64,1%,6,"Arts,Entertainment,Media",,,
acentric.pw,available,64,2%,8,Science,,,
rising.pw,available,64,18%,6,"Construction,Manufacturing,Real Estate",,,
accordant.pw,available,64,3%,9,"Arts,Entertainment",,,
aflame.pw,available,64,3%,6,Entertainment,,,
astringent.pw,available,64,1%,10,"Healthcare,Pharmaceuticals",,,
chiliad.pw,available,62,2%,7,Mathematics,,,
cumulative.pw,available,62,2%,10,"Banking,Finance,Insurance",,,
pungent.pw,available,62,1%,7,Food and Beverage,,,
admissible.pw,available,62,1%,10,"Education,Healthcare,Law",,,
aborigine.pw,available,62,1%,9,Humanities,,,
adoptive.pw,available,62,1%,8,"Education,Healthcare",,,
longdozen.pw,available,62,2%,10,Mathematics,,,
troika.pw,available,62,8%,6,Politics,,,
playacting.pw,available,62,1%,10,Entertainment,,,
eighteenth.pw,available,62,1%,10,Mathematics,,,
activistic.pw,available,62,1%,10,"Humanities,Politics",,,
roughly.pw,available,62,3%,7,"Business,Media,Technology",,,
sixteenth.pw,available,62,1%,9,Mathematics,,,
wrapped.pw,available,62,13%,7,"Fashion,Hospitality,Retail",,,
accusing.pw,available,62,1%,8,Law,,,
ensuant.pw,available,62,1%,7,"Healthcare,Insurance,Transportation",,,
accrued.pw,available,62,2%,7,"Banking,Finance,Insurance",,,
nail.pw,available,62,16%,4,"Construction,Fashion,General,Retail",,,
twodozen.pw,available,62,1%,9,Mathematics,,,
fortyfour.pw,available,62,6%,10,Mathematics,,,
quartet.pw,available,62,7%,7,"Arts,Entertainment",,,
exculpated.pw,available,62,1%,10,"Humanities,Law,Politics",,,
aufait.pw,available,62,3%,7,"Fashion,Media",,,
adjuvant.pw,available,62,5%,8,"Healthcare,Manufacturing,Technology",,,
acidic.pw,available,62,5%,6,"Food and Beverage,Science",,,
cxxx.pw,available,60,4%,4,Mathematics,,,
cxxxv.pw,available,60,2%,5,Mathematics,,,
abstemious.pw,available,60,0%,10,"Food and Beverage,Health and Fitness,Hospitality",,,
abstainer.pw,available,60,0%,9,"Health and Fitness,Religion",,,
sixty.pw,available,60,13%,5,Mathematics,,,
paunchy.pw,available,60,0%,7,"Health and Fitness,Medicine",,,
tertiary.pw,available,60,4%,8,Education,,,
idolised.pw,available,60,1%,8,"Entertainment,Fashion,Retail",,,
annexal.pw,available,60,1%,7,"Agriculture,Manufacturing,Retail",,,
clxv.pw,available,60,1%,4,Mathematics,,,
clx.pw,available,60,10%,3,Mathematics,,,
thou.pw,available,60,7%,4,Mathematics,,,
acceptive.pw,available,60,1%,9,"Education,Healthcare",,,
eightysix.pw,available,60,7%,10,Mathematics,,,
clxx.pw,available,60,3%,4,Mathematics,,,
adnate.pw,available,60,1%,6,"Agriculture,Manufacturing,Retail",,,
xcl.pw,available,60,5%,3,Mathematics,,,
cautionary.pw,available,60,1%,10,"Business,Education,Healthcare",,,
cxx.pw,available,60,10%,3,Mathematics,,,
abashed.pw,available,60,1%,7,Humanities,,,
clxxv.pw,available,60,1%,5,Mathematics,,,
cxxv.pw,available,60,1%,4,Mathematics,,,
adnexal.pw,available,60,1%,7,"Agriculture,Manufacturing,Retail",,,
aboveboard.pw,available,60,5%,10,"Business,Law",,,
cxv.pw,available,60,4%,3,Mathematics,,,
octet.pw,available,60,12%,5,Arts,,,
cxlv.pw,available,60,2%,4,Mathematics,,,
idolized.pw,available,60,3%,8,"Entertainment,Fashion,Retail",,,
clxxx.pw,available,60,1%,5,Mathematics,,,
tercet.pw,available,59,2%,6,"Arts,Entertainment,Media",,,
addressed.pw,available,58,3%,9,"Business,Technology,Telecommunications",,,
offhanded.pw,available,58,1%,9,Entertainment,,,
adhoc.pw,available,58,24%,6,"Business,Engineering,Technology",,,
closeto.pw,available,58,3%,8,"Business,Media,Technology",,,
abuzz.pw,available,58,5%,5,"Entertainment,Media,Technology",,,
lxxviii.pw,available,58,1%,7,Mathematics,,,
ache.pw,available,58,7%,4,Healthcare,,,
justabout.pw,available,58,3%,10,"Business,Media,Technology",,,
abridged.pw,available,58,4%,8,Media,,,
enwrapped.pw,available,58,0%,9,"Entertainment,Fashion,Media",,,
abandoned.pw,available,58,10%,9,"Construction,Real Estate",,,
accented.pw,available,58,3%,8,"Arts,Entertainment",,,
tetrad.pw,available,58,5%,6,Mathematics,,,
eighter.pw,available,58,2%,7,Mathematics,,,
pentad.pw,available,58,2%,6,Mathematics,,,
alacarte.pw,available,58,11%,10,Food and Beverage,,,
acetic.pw,available,58,1%,6,"Food and Beverage,Science",,,
centesimal.pw,available,58,1%,10,Mathematics,,,
cypher.pw,resell,58,29%,6,Mathematics,31/07/2021 17:19,31/07/2031 23:59,Namecheap
adjustive.pw,available,58,1%,9,"Manufacturing,Retail,Technology",,,
sixer.pw,available,58,5%,5,Sports,,,
adient.pw,available,58,4%,6,"Medicine,Science",,,
addible.pw,available,58,2%,7,"Engineering,Mathematics,Science",,,
niner.pw,available,58,5%,5,Mathematics,,,
aucourant.pw,available,58,3%,10,"Fashion,Media",,,
accretive.pw,available,58,6%,9,"Banking,Finance,Insurance",,,
linear.pw,available,58,22%,6,"Engineering,Mathematics,Science",,,
sextuplet.pw,available,58,1%,9,Healthcare,,,
acyclic.pw,available,58,4%,7,"Engineering,Mathematics,Science",,,
twelfth.pw,available,58,2%,7,Mathematics,,,
accoutred.pw,available,58,1%,9,"Fashion,Manufacturing,Retail",,,
seven.pw,available,58,36%,5,Mathematics,,,
sixtyone.pw,available,58,3%,9,Mathematics,,,
lxxx.pw,available,58,2%,4,Mathematics,,,
octad.pw,available,58,5%,5,Mathematics,,,
seventy.pw,available,58,7%,7,Mathematics,,,
heptad.pw,available,58,1%,6,Mathematics,,,
abused.pw,available,58,5%,6,"Healthcare,Law",,,
hexad.pw,available,58,4%,5,Mathematics,,,
fourscore.pw,available,58,4%,9,Mathematics,,,
admissive.pw,available,56,1%,9,"Education,Healthcare,Hospitality",,,
accoutered.pw,available,56,0%,10,"Fashion,Manufacturing,Retail",,,
fiftyone.pw,available,56,7%,9,Mathematics,,,
fortynine.pw,available,56,3%,10,Mathematics,,,
maledict.pw,available,56,1%,8,Religion,,,
xlviii.pw,available,56,1%,6,Mathematics,,,
admittable.pw,available,56,1%,10,"Education,Healthcare,Hospitality",,,
xxxvi.pw,available,56,1%,5,Mathematics,,,
fortysix.pw,available,56,3%,9,Mathematics,,,
fiftyfive.pw,available,56,7%,10,Mathematics,,,
xlvi.pw,available,56,3%,4,Mathematics,,,
abdominous.pw,available,56,0%,10,"Health and Fitness,Medicine",,,
lvii.pw,available,56,1%,4,Mathematics,,,
xlv.pw,available,56,6%,3,Mathematics,,,
abeyant.pw,available,56,1%,7,"Business,Law",,,
xxxiv.pw,available,56,1%,5,Mathematics,,,
xlvii.pw,available,56,2%,5,Mathematics,,,
thirtyone.pw,available,56,5%,10,Mathematics,,,
xxxv.pw,available,56,4%,4,Mathematics,,,
xxvii.pw,available,56,3%,5,Mathematics,,,
addled.pw,available,56,2%,6,Entertainment,,,
terzetto.pw,available,56,3%,8,Arts,,,
admittible.pw,available,56,1%,10,"Education,Healthcare,Hospitality",,,
xxxviii.pw,available,56,1%,7,Mathematics,,,
ilx.pw,available,56,5%,3,Mathematics,,,
xxix.pw,available,56,4%,4,Mathematics,,,
thirtytwo.pw,available,56,5%,10,Mathematics,,,
xxxvii.pw,available,56,2%,6,Mathematics,,,
xxviii.pw,available,56,1%,6,Mathematics,,,
xxiii.pw,available,56,5%,5,Mathematics,,,
potbellied.pw,available,56,0%,10,"Health and Fitness,Medicine",,,
xliii.pw,available,56,1%,5,Mathematics,,,
triad.pw,available,56,15%,5,Arts,,,
fiftyfour.pw,available,56,3%,10,Mathematics,,,
xxxii.pw,available,56,1%,5,Mathematics,,,
halfdozen.pw,available,56,1%,10,Mathematics,,,
lii.pw,available,56,7%,3,Mathematics,,,
xxxi.pw,available,56,9%,4,Mathematics,,,
lvi.pw,available,56,8%,3,Mathematics,,,
fortyone.pw,available,56,4%,9,Mathematics,,,
fiftytwo.pw,available,56,6%,9,Mathematics,,,
fortytwo.pw,available,56,17%,9,Mathematics,,,
fiftynine.pw,available,56,4%,10,Mathematics,,,
xliv.pw,available,56,2%,4,Mathematics,,,
xxxiii.pw,available,56,2%,6,Mathematics,,,
xlii.pw,available,56,5%,4,Mathematics,,,
lviii.pw,available,56,1%,5,Mathematics,,,
appressed.pw,available,56,0%,9,"Agriculture,Manufacturing,Retail",,,
fiftysix.pw,available,56,4%,9,Mathematics,,,
xxiv.pw,available,56,5%,4,Mathematics,,,
ternion.pw,available,54,3%,7,Mathematics,,,
abatable.pw,available,54,1%,8,Law,,,
accentual.pw,available,54,3%,9,"Arts,Entertainment",,,
sise.pw,available,54,5%,4,Mathematics,,,
adaxial.pw,available,54,2%,7,Science,,,
topnotch.pw,available,54,18%,8,Business,,,
fin.pw,resell,54,30%,3,Finance,22/10/2021 00:54,22/10/2030 23:59,West263 International Limited
adpressed.pw,available,54,0%,9,"Agriculture,Manufacturing,Retail",,,
quaternion.pw,available,54,6%,10,Mathematics,,,
iii.pw,available,54,24%,3,Mathematics,,,
actuated.pw,available,54,2%,8,"Automotive,Manufacturing,Technology",,,
deuceace.pw,available,54,2%,9,Sports,,,
deserted.pw,available,54,3%,8,"Hospitality,Real Estate",,,
admonitory.pw,available,54,0%,10,"Business,Education,Healthcare",,,
threescore.pw,available,54,1%,10,Mathematics,,,
abducens.pw,available,54,1%,8,Medicine,,,
monitory.pw,available,54,3%,8,"Business,Education,Healthcare",,,
accursed.pw,available,54,3%,8,"Entertainment,Media,Religion",,,
twoscore.pw,available,54,2%,8,Mathematics,,,
achromatic.pw,available,54,4%,10,Science,,,
quintuplet.pw,available,54,1%,10,"Healthcare,Medicine,Science",,,
abasic.pw,available,54,1%,6,Science,,,
abaxial.pw,available,54,1%,7,Science,,,
quaternity.pw,available,54,4%,10,Mathematics,,,
fortyfive.pw,available,54,4%,10,Mathematics,,,
quatern.pw,available,54,2%,7,Mathematics,,,
achy.pw,available,54,3%,4,Healthcare,,,
scratchy.pw,available,54,3%,8,Fashion,,,
abhorrent.pw,available,54,1%,9,Humanities,,,
adducting.pw,available,54,1%,9,"Engineering,Mathematics,Science",,,
acoustical.pw,available,54,4%,10,Science,,,
abatic.pw,available,54,1%,6,Science,,,
abient.pw,available,54,1%,6,Science,,,
adducent.pw,available,54,1%,8,"Engineering,Mathematics,Science",,,
adductive.pw,available,54,0%,9,"Engineering,Mathematics,Science",,,
quadruplet.pw,available,54,1%,10,"Healthcare,Medicine,Science",,,
aboral.pw,available,54,2%,6,Science,,,
adjuratory.pw,available,54,0%,10,"Law,Politics,Religion",,,
xxx.pw,available,53,30%,3,"Arts,Entertainment,Media",,,
sestet.pw,available,53,1%,6,Arts,,,
septet.pw,available,53,1%,6,General,,,
ninetyone.pw,available,52,5%,10,Mathematics,,,
repulsive.pw,available,52,1%,9,Humanities,,,
chagrined.pw,available,52,1%,9,Humanities,,,
xcviii.pw,available,52,1%,6,Mathematics,,,
lxviii.pw,available,52,1%,6,Mathematics,,,
detestable.pw,available,52,1%,10,Humanities,,,
xcvii.pw,available,52,1%,5,Mathematics,,,
abstruse.pw,available,52,5%,8,"Humanities,Mathematics,Science",,,
decumbent.pw,available,52,1%,9,"Healthcare,Medicine,Science",,,
lxvi.pw,available,52,3%,4,Mathematics,,,
ixc.pw,available,52,5%,3,Mathematics,,,
lxxv.pw,available,52,1%,4,Mathematics,,,
adenoidal.pw,available,52,1%,9,"Health and Fitness,Medicine,Science",,,
lxxvi.pw,available,52,1%,5,Mathematics,,,
lxxii.pw,available,52,1%,5,Mathematics,,,
eightytwo.pw,available,52,4%,10,Mathematics,,,
repugnant.pw,available,52,1%,9,Humanities,,,
uphill.pw,available,52,7%,6,"Sports,Transportation,Travel",,,
abominable.pw,available,52,2%,10,"Entertainment,Humanities",,,
lxxi.pw,available,52,1%,4,Mathematics,,,
aboulic.pw,available,52,1%,7,Medicine,,,
ablated.pw,available,52,1%,7,Science,,,
xci.pw,available,52,4%,3,Mathematics,,,
xcii.pw,available,52,2%,4,Mathematics,,,
lxxiii.pw,available,52,1%,6,Mathematics,,,
lxi.pw,available,52,5%,3,Mathematics,,,
lxxxvii.pw,available,52,1%,7,Mathematics,,,
tierce.pw,available,52,3%,6,General,,,
lxxxii.pw,available,52,1%,6,Mathematics,,,
lxxxi.pw,available,52,1%,5,Mathematics,,,
lxxxiii.pw,available,52,1%,7,Mathematics,,,
lxxvii.pw,available,52,2%,6,Mathematics,,,
ninetysix.pw,available,52,4%,10,Mathematics,,,
lxxxv.pw,available,52,1%,5,Mathematics,,,
sixtysix.pw,available,52,4%,9,Mathematics,,,
abusive.pw,available,52,3%,7,"Healthcare,Law",,,
xcv.pw,available,52,7%,3,Mathematics,,,
lxxxvi.pw,available,52,1%,6,Mathematics,,,
abysmal.pw,available,52,4%,7,"Arts,Entertainment,Media",,,
lxxxiv.pw,available,52,1%,6,Mathematics,,,
lxv.pw,available,52,5%,3,Mathematics,,,
sixtyfive.pw,available,52,3%,10,Mathematics,,,
lxii.pw,available,52,1%,4,Mathematics,,,
xcvi.pw,available,52,2%,4,Mathematics,,,
littlejoe.pw,available,52,2%,10,"Entertainment,Media",,,
lxvii.pw,available,52,1%,5,Mathematics,,,
xciii.pw,available,52,1%,5,Mathematics,,,
odious.pw,available,52,2%,6,"Entertainment,Humanities",,,
lxiii.pw,available,52,2%,5,Mathematics,,,
lxiv.pw,available,52,3%,4,Mathematics,,,
xciv.pw,available,52,2%,4,Mathematics,,,
lxxiv.pw,available,52,1%,5,Mathematics,,,
ixl.pw,available,52,9%,3,Mathematics,,,
sixtytwo.pw,available,52,3%,9,Mathematics,,,
ninetytwo.pw,available,52,4%,10,Mathematics,,,
sixtyfour.pw,available,52,3%,10,Mathematics,,,
trine.pw,available,50,11%,5,"General,Religion",,,
gillless.pw,available,50,0%,9,Science,,,
abranchial.pw,available,50,0%,10,Science,,,
adhominem.pw,available,50,2%,10,"Humanities,Law,Politics",,,
cinque.pw,available,50,7%,6,Mathematics,,,
abducting.pw,available,50,0%,9,Medicine,,,
acaudal.pw,available,50,1%,7,"Agriculture,Science",,,
acerbic.pw,available,50,2%,7,"Arts,Humanities,Media",,,
scummy.pw,available,50,1%,6,Humanities,,,
acquitted.pw,available,50,1%,9,Law,,,
broached.pw,available,50,0%,8,Food and Beverage,,,
needlelike.pw,available,50,0%,10,"Engineering,Medicine,Science",,,
aculeated.pw,available,50,0%,9,"Engineering,Medicine,Science",,,
acetous.pw,available,50,1%,7,Science,,,
ogdoad.pw,available,50,1%,6,Mathematics,,,
abomasal.pw,available,50,0%,8,Agriculture,,,
acellular.pw,available,50,1%,9,Science,,,
aborticide.pw,available,50,0%,10,Medicine,,,
adactylous.pw,available,50,0%,10,Science,,,
triplet.pw,available,50,8%,7,Science,,,
abbatial.pw,available,50,0%,8,Religion,,,
abactinal.pw,available,50,0%,9,Science,,,
quint.pw,available,50,13%,5,"Arts,Entertainment",,,
acerb.pw,available,50,2%,5,Science,,,
acapnic.pw,available,50,0%,7,"Healthcare,Medicine,Science",,,
abdicable.pw,available,50,0%,9,Law,,,
vinegary.pw,available,50,1%,8,Food and Beverage,,,
acapnotic.pw,available,50,0%,9,"Healthcare,Medicine,Science",,,
acerose.pw,available,50,1%,7,Science,,,
acetose.pw,available,50,1%,7,Science,,,
spinous.pw,available,50,1%,7,"Agriculture,Science",,,
lxxxviii.pw,available,48,1%,8,Mathematics,,,
notguilty.pw,available,48,5%,10,Law,,,
execrable.pw,available,48,0%,9,"Entertainment,Humanities",,,
apriori.pw,available,48,13%,8,Mathematics,,,
ilxxx.pw,available,48,1%,5,Mathematics,,,
abstracted.pw,available,48,5%,10,"Arts,Humanities,Science",,,
abyssal.pw,available,48,12%,7,"Arts,Entertainment,Media",,,
ilxx.pw,available,48,1%,4,Mathematics,,,
vinegarish.pw,available,46,1%,10,Food and Beverage,,,
acetylenic.pw,available,46,1%,10,Science,,,
acetabular.pw,available,46,1%,10,Science,,,
acephalous.pw,available,46,1%,10,Science,,,
stripling.pw,available,46,2%,9,"Education,Entertainment,Healthcare",,,
cotyloid.pw,available,46,1%,8,Science,,,
acarpelous.pw,available,46,0%,10,"Agriculture,Science",,,
acarpous.pw,available,46,0%,8,"Agriculture,Science",,,
acetylic.pw,available,46,1%,8,Science,,,
acapnial.pw,available,46,0%,8,"Healthcare,Medicine,Science",,,
acanthotic.pw,available,46,0%,10,"Agriculture,Science",,,
acanthous.pw,available,46,0%,9,"Agriculture,Science",,,
acanthoid.pw,available,46,1%,9,"Agriculture,Science",,,
acicular.pw,available,46,2%,8,Science,,,
stemless.pw,available,46,2%,8,"Agriculture,Science",,,
acheronian.pw,available,46,1%,10,Humanities,,,
acaudate.pw,available,46,1%,8,"Agriculture,Science",,,
acetonic.pw,available,46,1%,8,Science,,,
achenial.pw,available,46,1%,8,Science,,,
achromous.pw,available,46,1%,9,Science,,,
theabsurd.pw,available,46,1%,10,"Arts,Entertainment,Media",,,
quaternary.pw,available,46,3%,10,Mathematics,,,
achromic.pw,available,46,2%,8,Science,,,
cotyloidal.pw,available,44,1%,10,Science,,,
accusatory.pw,available,44,1%,10,Law,,,
acherontic.pw,available,44,1%,10,Humanities,,,
phoebe.pw,available,41,14%,6,Science,,,
abscessed.pw,available,41,0%,9,Healthcare,,,
accusive.pw,available,40,1%,8,Law,,,
scurrilous.pw,available,40,1%,10,"Entertainment,Media,Politics",,,
accurst.pw,available,40,1%,7,Religion,,,